unit_id: 30,unit_id: 8,unit_id: 3,unit_id: 12,unit_id: 4,unit_id: 7,unit_id: 6,unit_id: 16,unit_id: 23,unit_id: 9,unit_id: 19,unit_id: 10,unit_id: 5,unit_id: 13,unit_id: 2,unit_id: 11,unit_id: 20,unit_id: 26,unit_id: 15,unit_id: 17,unit_id: 21,unit_id: 22,unit_id: 18,unit_id: 25,unit_id: 14,unit_id: 24,unit_id: 208,unit_id: 35,unit_id: 225,unit_id: 149,unit_id: 212,unit_id: 83,unit_id: 215,unit_id: 218,unit_id: 107,unit_id: 221,unit_id: 80,unit_id: 153,unit_id: 232,unit_id: 152,unit_id: 36,unit_id: 168,unit_id: 118,unit_id: 236,unit_id: 194,unit_id: 117,unit_id: 136,unit_id: 148,unit_id: 105,unit_id: 31,unit_id: 93,unit_id: 142,unit_id: 82,unit_id: 204,unit_id: 126,unit_id: 106,unit_id: 42,unit_id: 112,unit_id: 173,unit_id: 171,unit_id: 183,unit_id: 174,unit_id: 175,unit_id: 132,unit_id: 182,unit_id: 55,unit_id: 179,unit_id: 85,unit_id: 181,unit_id: 75,unit_id: 123,unit_id: 38,unit_id: 131,unit_id: 191,unit_id: 69,unit_id: 155,unit_id: 86,unit_id: 170,unit_id: 72,unit_id: 151,unit_id: 206,unit_id: 128,unit_id: 177,unit_id: 178,unit_id: 176,unit_id: 180,unit_id: 113,unit_id: 228,unit_id: 201,unit_id: 162,unit_id: 120
7.968127490039841e-05,0.0178134823611596,0.00859375,0.0195562241444151,0.0146110872367855,0.0208333333333333,0.0215723873441994,0.0148254423720707,0.0040363269424823,0.0142045454545454,0.0127020785219399,0.0072916666666666,0.0158917010005885,0.0058309037900874,0.0027416038382453,0.0174520069808027,0.0151715039577836,0.0026160889470241,0.0024140012070006,0.0053428317008014,0.0030441400304414,0.006862133499688,0.0032733224222585,0.0008410428931875,0.0019815059445178,0.009984639016897,0.0,0.0047169811320754,0.004601226993865,0.0034924330616996,0.0,0.0015128593040847,0.0,0.0051282051282051,0.0,0.0,0.0,0.026431718061674,0.0,0.0104166666666666,0.003076923076923,0.0575221238938053,0.0,0.0,0.0,0.0,0.0061349693251533,0.0,0.0,0.0436507936507936,0.0,0.0,0.0,0.0,0.0,0.0106382978723404,0.0,0.0,0.1578947368421052,0.0,0.1917808219178082,0.0201342281879194,0.0431654676258992,0.0135135135135135,0.0,0.0,0.0,0.0,0.0,0.0,0.0,0.0,0.0,0.0,0.0,0.0,0.0,0.0,0.0,0.0,0.0,0.0,0.0666666666666666,0.0,0.1147540983606557,0.0,0.1785714285714285,0.0,0.0,0.0,0.0
0.3793415340086831,0.0586319218241042,0.0255072463768115,0.0707171314741035,0.0978941377347751,0.0846376811594202,0.0809768637532133,0.0297656744775174,0.0366225839267548,0.0684326710816777,0.016320474777448,0.0459459459459459,0.0859896219421793,0.0257575757575757,0.0343511450381679,0.0520909757887013,0.0491666666666666,0.0500403551251008,0.0309901738473167,0.0443686006825938,0.0326086956521739,0.02578125,0.0399579390115667,0.036144578313253,0.0278716216216216,0.0219465648854961,0.0018761726078799,0.0,0.0121703853955375,0.0263565891472868,0.0076726342710997,0.0041666666666666,0.0,0.0030211480362537,0.0,0.0,0.0,0.0188679245283018,0.0,0.0096153846153846,0.0045871559633027,0.2422535211267605,0.0,0.0034246575342465,0.0,0.0382165605095541,0.0,0.0,0.0,0.1488095238095238,0.0,0.0,0.0,0.0091743119266055,0.0,0.0384615384615384,0.0,0.0181818181818181,0.2148148148148148,0.0,0.2261904761904762,0.2578125,0.1475409836065573,0.0,0.0,0.0,0.0185185185185185,0.0,0.0,0.0,0.0,0.0,0.0,0.0,0.0,0.0147058823529411,0.0,0.0,0.0,0.0,0.0476190476190476,0.0,0.0303030303030303,0.0,0.2777777777777778,0.0,0.0,0.0,0.0,0.0,87.0
0.2897196261682243,0.1770529994175888,0.0453531598513011,0.1535114978247358,0.1364605543710021,0.1748750892219843,0.1173594132029339,0.0935534591194968,0.0490566037735849,0.1125343092406221,0.0793507664562669,0.0557404326123128,0.1855575868372943,0.0595581171950048,0.0250297973778307,0.103568320278503,0.0909090909090909,0.1553398058252427,0.0609090909090909,0.0284900284900284,0.0332512315270936,0.0333333333333333,0.0509803921568627,0.0686845168800931,0.0438328236493374,0.1060773480662983,0.0057471264367816,0.0433333333333333,0.007537688442211,0.0115830115830115,0.0079051383399209,0.0056818181818181,0.0135593220338983,0.0033898305084745,0.0097087378640776,0.003125,0.0035971223021582,0.0117647058823529,0.0024570024570024,0.0115830115830115,0.0,0.4827586206896552,0.0120481927710843,0.0086580086580086,0.0,0.0,0.0,0.0,0.0095238095238095,0.0787401574803149,0.0,0.0,0.0,0.0675675675675675,0.0,0.0138888888888888,0.0,0.0,1.068627450980392,0.0,0.5535714285714286,0.419047619047619,0.233009708737864,0.0,0.0,0.0,0.0833333333333333,0.0,0.0,0.0217391304347826,0.0,0.0,0.0,0.0,0.0,0.024390243902439,0.0,0.0,0.0277777777777777,0.0,0.0,0.0,2.966666666666667,0.0,2.8297872340425534,0.0,0.0,0.0,0.0,0.0,334.0
0.0267857142857142,0.1732636295743091,0.0963172804532577,0.2250384024577573,0.1662222222222222,0.2797140303842717,0.148036253776435,0.2270168855534709,0.0963503649635036,0.154015401540154,0.0780065005417118,0.0668662674650698,0.2198177676537585,0.0451306413301662,0.0472779369627507,0.1087866108786611,0.0764163372859025,0.1806674338319908,0.1025917926565874,0.0623916811091854,0.0485294117647058,0.0510204081632653,0.0884676145339652,0.0907840440165062,0.0950704225352112,0.1071428571428571,0.0072992700729927,0.0248962655601659,0.0088757396449704,0.0148883374689826,0.0052631578947368,0.008,0.0086206896551724,0.0112781954887218,0.0,0.0034722222222222,0.0,0.0510204081632653,0.1101190476190476,0.0,0.0147058823529411,0.6310160427807486,0.0,0.0473684210526315,0.0,0.0,0.0,0.0087719298245614,0.0,0.2788461538461538,0.0,0.0,0.0,0.05,0.0,0.0,0.0,0.0666666666666666,0.4545454545454545,0.0,1.0256410256410255,0.3157894736842105,0.8055555555555556,0.0,0.0,0.0,0.1176470588235294,0.027027027027027,0.0188679245283018,0.0294117647058823,0.0,0.0,0.0,0.0,0.0,0.1923076923076923,0.027027027027027,0.0,0.0,0.0,0.0,0.0,2.1666666666666665,0.0,0.0,0.0,0.0,0.0,0.0,0.0,0.0
0.0109890109890109,0.2179245283018868,0.0757396449704142,0.4234741784037558,0.2176724137931034,0.2461873638344226,0.2322097378277153,0.1766743648960739,0.0939130434782608,0.2069892473118279,0.1099611901681759,0.0793838862559241,0.2002743484224965,0.0780346820809248,0.0314685314685314,0.1416256157635468,0.06396255850234,0.1001353179972936,0.1113924050632911,0.0867768595041322,0.0404217926186291,0.1375515818431912,0.106060606060606,0.1215559157212317,0.082079343365253,0.0855855855855855,0.0558659217877094,0.0478468899521531,0.0207612456747404,0.0398773006134969,0.0067114093959731,0.0,0.0,0.0170212765957446,0.0,0.0117647058823529,0.00625,0.0723684210526315,0.0210526315789473,0.0479041916167664,0.0086206896551724,0.676923076923077,0.0,0.0769230769230769,0.0,0.0,0.0,0.0,0.0,0.034090909090909,0.0,0.0,0.0,0.0,0.0,0.0,0.0151515151515151,0.0,0.5333333333333333,0.0,0.3333333333333333,0.3666666666666666,1.0588235294117647,0.0,0.0,0.0,0.074074074074074,0.0,0.0434782608695652,0.0,0.0169491525423728,0.0,0.0,0.0,0.0,0.0,0.0,0.0,0.0,0.0526315789473684,0.0,0.0,0.0,0.0,0.0,0.3333333333333333,0.0,0.0,0.0,0.0,0.0
0.0533333333333333,0.3576388888888889,0.0630252100840336,0.522196261682243,0.3885267275097783,0.3390501319261214,0.2290076335877862,0.3366197183098591,0.0938775510204081,0.1653027823240589,0.1251885369532428,0.1865357643758765,0.3149350649350649,0.1155866900175131,0.0425101214574898,0.2640117994100295,0.1512915129151291,0.247557003257329,0.1173848439821693,0.1087470449172576,0.1645299145299145,0.0407166123778501,0.0825892857142857,0.0825335892514395,0.1772151898734177,0.203125,0.0142857142857142,0.0481283422459893,0.0125,0.0452830188679245,0.0176991150442477,0.0,0.0289855072463768,0.0268817204301075,0.0119047619047619,0.0141509433962264,0.0080645161290322,0.0756302521008403,0.0510204081632653,0.0317460317460317,0.0097087378640776,0.912621359223301,0.0,0.3421052631578947,0.0,0.0196078431372549,0.0,0.0,0.0,0.1904761904761904,0.0,0.0,0.0,0.2045454545454545,0.0,0.0,0.0172413793103448,0.0,0.4545454545454545,0.0,0.5333333333333333,0.4,0.8333333333333334,0.0,0.0,0.0,0.2,0.0476190476190476,0.0294117647058823,0.0,0.0576923076923076,0.073170731707317,0.0,0.1,0.0,0.0,0.0,0.0,0.0,0.3333333333333333,0.0,0.0,0.0,0.0,0.0,0.0,0.0,0.0,0.0,0.0,0.0
0.0163934426229508,0.2266288951841359,0.0494037478705281,0.5697841726618705,0.2924528301886792,0.4347826086956521,0.2740740740740741,0.4351535836177474,0.1466346153846154,0.2818003913894324,0.1029668411867364,0.1454545454545454,0.3207171314741036,0.1820083682008368,0.081967213114754,0.3089285714285714,0.2394678492239468,0.078095238095238,0.2210338680926916,0.1366120218579235,0.0997442455242966,0.054054054054054,0.1096605744125326,0.1128668171557562,0.1404494382022472,0.1840490797546012,0.0347826086956521,0.0120481927710843,0.0292682926829268,0.0738916256157635,0.021505376344086,0.0,0.0096153846153846,0.0066225165562913,0.0,0.0182926829268292,0.0,0.1595744680851064,0.0,0.0754716981132075,0.0,3.409638554216868,0.0,0.2878787878787879,0.0,0.2195121951219512,0.0,0.0,0.0,0.24,0.0,0.0,0.0,0.0,0.0,0.0,0.0,0.0,0.6785714285714286,0.0,1.5454545454545454,0.9705882352941176,0.0476190476190476,0.0,0.5,0.0,0.2857142857142857,0.0769230769230769,0.0357142857142857,0.0,0.0,0.0588235294117647,0.0,0.0769230769230769,0.0,0.0,0.0,0.0,0.0,0.0,0.0,0.0,0.0,0.0,0.0,0.0,0.0,0.25,0.0,0.0,0.0
0.0576923076923076,0.3647058823529411,0.1622718052738336,0.302491103202847,0.3007518796992481,0.4909090909090909,0.2582056892778993,0.4639175257731959,0.2344632768361582,0.2827102803738318,0.255533199195171,0.0749542961608775,0.3278301886792453,0.0579345088161209,0.0673854447439353,0.2234273318872017,0.0555555555555555,0.2933618843683083,0.1766004415011037,0.1203703703703703,0.1715976331360946,0.1281464530892448,0.2024922118380062,0.3387096774193548,0.106290672451193,0.1770334928229665,0.0294117647058823,0.0069444444444444,0.0228571428571428,0.1419753086419753,0.0394736842105263,0.010752688172043,0.0744680851063829,0.1136363636363636,0.0,0.0559440559440559,0.0129870129870129,0.081081081081081,0.0,0.1764705882352941,0.0,1.0,0.0,0.0,0.0,0.0,0.064516129032258,0.0,0.0,0.0144927536231884,0.0,0.0,0.0,0.0294117647058823,0.0,0.0,0.0217391304347826,0.0,0.4782608695652174,0.0,2.6,1.08,2.375,0.0,0.0,0.0,0.25,0.0,0.0,0.0,0.0,0.0,0.0,0.0769230769230769,0.0,0.0,0.0,0.0,0.0,0.0,0.0,0.0,0.0,0.0,0.0,0.0,0.0,0.0,0.0,0.0,0.0
0.0,0.6179540709812108,0.2378640776699029,0.8913043478260869,0.1870824053452116,0.57,0.3385416666666667,0.2263681592039801,0.3344594594594595,0.3222222222222222,0.323394495412844,0.2871900826446281,0.5797101449275363,0.1681159420289855,0.1656050955414012,0.3697916666666667,0.1481481481481481,0.321608040201005,0.2198391420911528,0.1201413427561837,0.0848056537102473,0.0795454545454545,0.2074074074074074,0.340764331210191,0.1670886075949367,0.2320916905444126,0.0759493670886076,0.0075757575757575,0.0333333333333333,0.211864406779661,0.0,0.0,0.1176470588235294,0.0380952380952381,0.0,0.048076923076923,0.0,0.1639344262295081,0.0217391304347826,0.0405405405405405,0.0,0.0,0.0,0.0,0.0232558139534883,0.0,0.0,0.0,0.0,0.0,0.0232558139534883,0.0,0.0,0.0,0.0,0.0,0.075,0.0,0.0,0.0,0.0,1.3,1.0,0.0,0.0,0.0,0.0,0.0,0.0666666666666666,0.0,0.0,0.0,0.0,0.1176470588235294,0.0,0.1666666666666666,0.0,0.0,0.25,0.0,0.5,0.1666666666666666,0.0,0.0,0.0,0.0,0.0,0.0,0.0,0.0,0.0
0.0,0.3756476683937824,0.2102102102102102,1.367123287671233,0.1883289124668435,0.8095238095238095,0.1823899371069182,0.533724340175953,0.3944223107569721,0.5189003436426117,0.852054794520548,0.6506024096385542,0.2589928057553957,0.3605442176870748,0.1734317343173431,0.4556962025316455,0.183206106870229,0.3226837060702875,0.1987179487179487,0.1934156378600823,0.2226890756302521,0.1721854304635761,0.2366071428571428,0.4638783269961977,0.0927536231884058,0.3263157894736842,0.0555555555555555,0.0,0.0194174757281553,0.2298850574712643,0.1166666666666666,0.0,0.0526315789473684,0.0333333333333333,0.0,0.0108695652173913,0.0212765957446808,0.1132075471698113,0.0,0.05,0.0,0.0,0.0,0.0,0.0,0.0,0.0,0.0,0.0,0.0,0.0294117647058823,0.0,0.0,0.0,0.0,0.0,0.032258064516129,0.1666666666666666,1.7,0.0,0.0,0.5555555555555556,0.0,0.0,0.0,0.0,4.0,0.0,0.0,0.0,0.0,0.0,0.0625,0.0,0.0,0.0,0.0,0.0,0.0,0.0,0.0,0.0,0.0,0.0,0.0,0.0,0.0,0.0,0.0,0.0,0.0
0.0,0.2848101265822785,0.1433566433566433,0.8928571428571429,0.2278481012658227,0.8163265306122449,0.2074074074074074,1.2490974729241875,0.308411214953271,0.2616033755274262,0.85,0.1522988505747126,0.29004329004329,0.3253012048192771,0.2212765957446808,0.2835820895522388,0.1788990825688073,0.6846153846153846,0.3448275862068966,0.2284263959390862,0.1333333333333333,0.1085271317829457,0.4973262032085561,0.3727272727272727,0.1909722222222222,0.2231404958677686,0.0625,0.0,0.0116279069767441,0.2033898305084746,0.0434782608695652,0.0416666666666666,0.3333333333333333,0.1267605633802817,0.0,0.0428571428571428,0.0,0.0277777777777777,0.0,0.0,0.0,0.0,0.0,0.0952380952380952,0.0,0.0588235294117647,0.05,0.0,0.0,0.0175438596491228,0.0,0.0,0.0,0.0,0.0,0.0,0.0,0.0,5.0,0.0,0.0,5.285714285714286,4.0,0.0,0.0,0.0,0.0,0.0,0.0,0.0,0.0,0.0,0.0,0.0,0.0,0.0,0.0,0.0,0.0,0.0,0.0,0.0,0.0,0.0,0.0,0.0,0.0,0.0,0.0,0.0,0.0
0.0,0.5869565217391305,0.2543859649122807,0.8495575221238938,0.3932584269662921,0.736318407960199,0.5900900900900901,0.7403846153846154,0.1775147928994082,0.1522842639593908,0.3739837398373983,0.2983050847457627,0.5873015873015873,0.465,0.2211055276381909,0.6071428571428571,0.1521739130434782,1.069767441860465,0.3970588235294117,0.1005917159763313,0.1834319526627219,0.1032863849765258,0.3670886075949367,0.4831460674157303,0.0927419354838709,0.3137254901960784,0.0952380952380952,0.0,0.0,0.1428571428571428,0.0789473684210526,0.0,0.0,0.125,0.0,0.06,0.0,0.0666666666666666,0.0,0.0789473684210526,0.0,0.0,0.0,0.0,0.0,0.0,0.3333333333333333,0.0,0.0,0.0,0.0384615384615384,0.0,0.0,0.0,0.0,0.0,0.1666666666666666,0.0,0.0,0.0,0.0,0.0,0.0,0.0,0.0,0.25,0.0,0.0,0.0,0.0,0.0,0.0,0.0,0.0,0.0,0.0,0.0,0.0,0.0,0.0,0.0,0.0,0.0,0.0,0.0,0.0,0.0,0.0,0.0,0.0,0.0
0.0,0.4776785714285714,0.2,0.5935828877005348,0.2027027027027027,0.55,0.2191011235955056,0.5276073619631901,0.35,0.2965116279069767,0.1273584905660377,0.4016393442622951,0.487012987012987,0.5333333333333333,0.225,0.572972972972973,0.2,0.6923076923076923,0.2037037037037037,0.2206896551724138,0.158273381294964,0.1954022988505747,0.7734375,0.5664335664335665,0.1009174311926605,0.1890243902439024,0.064516129032258,0.0263157894736842,0.1052631578947368,0.3870967741935484,0.0967741935483871,0.0,0.1,0.0,0.0,0.0,0.0,0.04,0.0,0.1212121212121212,0.0,0.0,0.0,0.0,0.0,0.0,0.0,0.0,0.0,0.0,0.0,0.0,0.0,0.0,0.0,0.0,0.0,0.0,0.0,0.0,0.0,0.0,0.0,0.0,0.0,0.0,0.0,0.0,0.0,0.0,0.0,0.0,0.0,0.0,0.0,0.0,0.0,0.0,0.0,0.0,0.0,0.0,0.0,0.0,0.0,0.0,0.0,0.0,0.0,0.0,0.0
0.0,0.3295454545454545,0.0,1.2649006622516556,0.1957671957671957,0.2063492063492063,0.9527027027027029,0.3529411764705882,0.2280701754385964,0.3007518796992481,0.1828571428571428,0.6407766990291263,0.5645161290322581,0.3669064748201439,0.4603174603174603,0.581081081081081,0.232,1.4014598540145986,0.246031746031746,0.125,0.2037037037037037,0.0416666666666666,0.5,0.2260869565217391,0.1912568306010929,0.1333333333333333,0.0909090909090909,0.0,0.0697674418604651,0.35,0.0,0.03125,0.3076923076923077,0.2258064516129032,0.0,0.3428571428571428,0.0,0.3333333333333333,0.0,0.0666666666666666,0.0,0.0,0.0,0.0,0.0,0.0,0.5,0.0,0.0,0.0,0.0,0.0,0.0,0.0,0.0,0.0,0.0,0.0,0.0,0.0,0.0,0.0,0.0,0.0,0.0,0.3333333333333333,0.0,0.0,0.0,0.0,0.0,0.0,0.0,0.0,0.0,0.0,0.0,0.0,0.0,0.0,0.0,0.0,0.0,0.0,0.0,0.0,0.0,0.0,0.0,0.0,0.0
0.0,0.0684931506849315,0.2619047619047619,0.6810344827586207,0.1232876712328767,0.5247524752475248,0.3109243697478991,1.0833333333333333,0.0744680851063829,0.5,0.2312925170068027,0.8596491228070176,0.4747474747474747,0.2017543859649122,0.3235294117647059,0.2105263157894736,0.0566037735849056,0.8679245283018868,0.32,0.2871287128712871,0.160919540229885,0.0555555555555555,0.180722891566265,0.3636363636363636,0.0863309352517985,0.1009174311926605,0.125,0.0,0.0,0.2307692307692307,0.35,0.0,0.0,0.0,0.0,0.0,0.0,0.0,0.0,0.0,0.0,0.0,0.0,0.0,0.0,0.0,0.0,0.0,0.0,0.0,0.0,0.0,0.0,0.0,0.0,0.0,0.0555555555555555,0.0,0.0,0.0,0.0,0.0,0.0,0.0,0.0,0.0,0.0,0.0,0.0,0.0,0.0,0.0,0.0,0.0,0.0,0.0,0.0,0.0,0.0,0.0,0.0,0.0,0.0,0.0,0.0,0.0,0.0,0.0,0.0,0.0,0.0
0.0,0.1415094339622641,0.3592233009708738,0.8617021276595744,0.1949152542372881,0.189873417721519,0.0555555555555555,0.1975308641975308,0.4166666666666667,0.7529411764705882,0.4274193548387097,0.5801526717557252,0.4146341463414634,0.3052631578947368,0.180722891566265,0.4479166666666667,0.1111111111111111,0.8641975308641975,0.725,0.2125,0.1549295774647887,0.0,0.1081081081081081,0.3734939759036144,0.08,0.21875,0.0714285714285714,0.0,0.03125,0.0833333333333333,0.0666666666666666,0.0,0.0,0.0714285714285714,0.0,0.3333333333333333,0.0,0.0,0.0,0.08,0.0,0.0,0.0,0.0,0.0,0.0,0.0,0.0,0.0,0.0,0.0,0.0,0.0,0.0,0.0,0.0,0.0,0.0,0.0,0.0,0.0,0.0,0.0,0.0,0.0,0.0,0.0,0.0,0.0,0.0,0.0,0.0,0.2,0.0,0.0,0.0,0.0,0.0,0.0,0.0,0.0,0.0,0.0,0.0,0.0,0.0,0.0,0.0,0.0,0.0,0.0
0.0,0.4117647058823529,0.2247191011235955,0.4285714285714285,0.0306122448979591,0.0634920634920634,0.3561643835616438,0.4444444444444444,0.3620689655172414,0.9726027397260274,0.32,0.0909090909090909,0.2388059701492537,0.2876712328767123,0.0476190476190476,0.1829268292682926,0.0394736842105263,2.4482758620689653,0.6031746031746031,0.0895522388059701,1.0,0.1538461538461538,0.421875,0.578125,0.1030927835051546,0.5384615384615384,0.3333333333333333,0.0,0.28,0.2222222222222222,0.0,0.0,0.0,0.0,0.0,0.0,0.0,0.0,0.0,0.0,0.0,0.0,0.0,0.0,0.0,0.0,0.0,0.0,0.0,0.0,0.0,0.0,0.0,0.0,0.0,0.0,0.0,0.0,0.0,0.0,0.0,0.0,0.0,0.0,0.0,0.0,0.0,0.0,0.0,0.0,0.0,0.0,0.0,0.0,0.0,0.0,0.0,0.0,0.0,0.0,0.0,0.0,0.0,0.0,0.0,0.0,0.0,0.0,0.0,0.0,0.0
0.0,0.125,0.2567567567567567,0.2753623188405797,0.5,0.1,0.074074074074074,0.0,0.3829787234042553,0.2909090909090909,0.1282051282051282,0.4111111111111111,0.0943396226415094,0.4754098360655737,0.6862745098039216,0.2647058823529412,0.1451612903225806,0.4772727272727273,0.5306122448979592,0.0,0.5,0.125,0.5714285714285714,0.5660377358490566,0.1875,0.0181818181818181,0.0,0.0,0.0,0.0,0.0,0.0,1.0,0.1,0.0,0.0,0.0,0.0,0.0,0.0,0.0,0.0,0.0,0.3333333333333333,0.0,0.0,0.0,0.0,0.0,0.0,0.0,0.0,0.0,0.0,0.0,0.0,0.0,0.0,0.0,0.0,0.0,0.0,0.0,0.0,0.0,0.0,0.0,0.0,0.0,0.0,0.0,0.0,0.0,0.0,0.0,0.0,0.0,0.0,0.0,0.0,0.0,0.0,0.0,0.0,0.0,0.0,0.0,0.0,0.0,0.0,0.0
0.0,0.0208333333333333,0.0769230769230769,0.074074074074074,0.6031746031746031,0.7631578947368421,0.3095238095238095,0.0,0.2727272727272727,0.0,0.2388059701492537,0.1666666666666666,0.1666666666666666,0.2978723404255319,0.525,0.392156862745098,0.5555555555555556,0.1515151515151515,0.2,0.4489795918367347,0.4411764705882353,0.0526315789473684,0.3684210526315789,0.6842105263157895,0.1940298507462686,0.0652173913043478,0.2857142857142857,0.0416666666666666,0.0,0.2,0.0,0.0,0.0,0.0,0.0,0.0,0.0,0.0,0.0,0.0,0.0,0.0,0.0,0.0,0.0,0.0,0.0,0.0,0.0,0.0,0.0,0.0,0.0,0.0,0.0,0.0,0.0,0.0,0.0,0.0,0.0,0.0,0.0,0.0,0.0,0.0,0.0,0.0,0.0,0.0,0.0,0.0,0.0,0.0,0.0,0.0,0.0,0.0,0.0,0.0,0.0,0.0,0.0,0.0,0.0,0.0,0.0,0.0,0.0,0.0,0.0
0.0,0.024390243902439,0.0892857142857142,0.0697674418604651,0.0,0.3214285714285714,0.0333333333333333,0.0,0.3478260869565217,0.625,0.7222222222222222,0.3888888888888889,0.1891891891891892,0.4324324324324324,0.3548387096774194,0.425,0.6129032258064516,0.3666666666666666,0.25,0.3255813953488372,0.2692307692307692,0.0303030303030303,0.21875,0.0666666666666666,0.0961538461538461,0.3142857142857143,0.0,0.0,0.3846153846153846,0.0,0.25,0.0,0.0,0.0,0.0,0.2,0.0,0.0,0.0,0.0,0.0,0.0,0.0,0.0,0.0,0.0,0.0,0.0,0.0,0.0,0.0,0.0,0.0,0.0,0.0,0.0,0.0,0.0,0.0,0.0,0.0,0.0,0.0,0.0,0.0,0.0,0.0,0.0,0.0,0.0,0.0,0.0,0.0,0.0,0.0,0.0,0.0,0.0,0.0,0.0,0.0,0.0,0.0,0.0,0.0,0.0,0.0,0.0,0.0,0.0,0.0
0.0,0.0,0.0816326530612244,0.027027027027027,0.131578947368421,0.2727272727272727,0.04,0.2424242424242424,0.3333333333333333,0.21875,0.1860465116279069,0.0263157894736842,0.0714285714285714,0.0,0.0,0.2058823529411764,0.2272727272727272,1.6956521739130437,0.5416666666666666,0.0769230769230769,0.0,0.0,0.1666666666666666,0.0,0.2439024390243902,0.074074074074074,0.0,0.0,0.2,0.0,0.0,0.0,0.0,0.0,0.0,0.0,0.0,0.0,0.0,0.0,0.0,0.0,0.0,0.0,0.0,0.0,0.0,0.0,0.0,0.0,0.0,0.0,0.0,0.0,0.0,0.0,0.0,0.0,0.0,0.0,0.0,0.0,0.0,0.0,0.0,0.0,0.0,0.0,0.0,0.0,0.0,0.0,0.0,0.0,0.0,0.0,0.0,0.0,0.0,0.0,0.0,0.0,0.0,0.0,0.0,0.0,0.0,0.0,0.0,0.0,0.0
0.0,0.0,0.0,0.5161290322580645,0.0294117647058823,0.0,0.0,0.4,0.125,0.0384615384615384,0.5757575757575758,0.0,0.0,0.0,0.0,0.2857142857142857,0.6842105263157895,0.4666666666666667,0.0,0.1944444444444444,0.1764705882352941,0.0,0.0,0.3478260869565217,0.1111111111111111,0.2857142857142857,0.0,0.0,0.0,0.0,0.0,0.0,0.0,0.0,0.0,0.0,0.0,0.0,0.0,0.0,0.0,0.0,0.0,0.0,0.0,0.0,0.0,0.0,0.0,0.0,0.0,0.0,0.0,0.0,0.0,0.0,0.0,0.0,0.0,0.0,0.0,0.0,0.0,0.0,0.0,0.0,0.0,0.0,0.0,0.0,0.0,0.0,0.0,0.0,0.0,0.0,0.0,0.1666666666666666,0.0,0.0,0.0,0.0,0.0,0.0,0.0,0.0,0.0,0.0,0.0,0.0,0.0
0.0,0.0,0.0,0.5172413793103449,0.0,0.0,0.0,0.4761904761904761,0.0,0.0476190476190476,0.0,0.1666666666666666,0.2105263157894736,0.2941176470588235,0.0,1.3636363636363635,0.0,0.75,0.0769230769230769,0.0769230769230769,0.25,0.0,0.0,0.0,0.16,0.3125,0.0,0.0,0.0,0.0,0.0,0.0,0.0,0.0,0.0,0.0,0.0,0.0,0.0,0.0,0.0,0.0,0.0,0.0,0.0,0.0,0.0,0.0,0.0,0.1818181818181818,0.0,0.0,0.0,0.0,0.0,0.0,0.0,0.0,0.0,0.0,0.0,0.0,0.0,0.0,0.0,0.0,0.0,0.0,0.0,0.0,0.0,0.0,0.0,0.0,0.0,0.0,0.0,0.0,0.0,0.0,0.0,0.0,0.0,0.0,0.0,0.0,0.0,0.0,0.0,0.0,0.0
0.0,0.0,0.0857142857142857,0.4,0.0,0.0,0.0,0.0,0.0,0.0,0.0,0.6875,0.1333333333333333,0.125,0.0,0.0,0.2142857142857142,3.0,0.0,0.0,0.0,0.0,0.3333333333333333,1.0909090909090908,0.0588235294117647,0.0,0.0,0.0,0.0,0.0,0.0,0.0,0.0,0.0,0.0,0.0,0.0,0.0,0.0,0.0,0.0,0.0,0.0,0.0,0.0,0.0,0.0,0.0,0.0,0.2222222222222222,0.0,0.0,0.0,0.0,0.0,0.0,0.0,0.0,0.0,0.0,0.0,0.0,0.0,0.0,0.0,0.0,0.0,0.0,0.0,0.0,0.0,0.0,0.0,0.0,0.0,0.0,0.0,0.0,0.0,0.0,0.0,0.0,0.0,0.0,0.0,0.0,0.0,0.0,0.0,0.0,0.0
0.0,0.0,0.03125,0.375,0.0,0.3333333333333333,0.0,0.3,0.1,0.0,0.0476190476190476,0.0,0.0,0.0,0.0,0.3125,0.1,8.75,0.0,0.0,0.0,0.0666666666666666,0.8,0.0,0.6363636363636364,0.0,0.0,0.0,0.5,0.0,0.0,0.0,0.0,0.0,0.0,0.0,0.0,0.0,0.0,0.0,0.0,0.0,0.0,0.0,0.0,0.0,0.0,0.0,0.0,0.0,0.0,0.0,0.0,0.0,0.0,0.0,0.0,0.0,0.0,0.0,0.0,0.0,0.0,0.0,0.0,0.0,0.0,0.0,0.0,0.0,0.0,0.0,0.0,0.0,0.0,0.0,0.0,0.0,0.0,0.0,0.0,0.0,0.0,0.0,0.0,0.0,0.0,0.0,0.0,0.0,0.0
0.0,0.0,0.0416666666666666,0.8888888888888888,0.0,0.0,0.0,0.0,0.0,0.0,0.0,0.0,0.0,0.0,0.0,0.0,1.75,2.0,0.0,0.0,0.1666666666666666,0.25,0.0,0.0,0.1428571428571428,0.0,0.0,0.0,0.0,0.0,0.0,0.0,0.0,0.0,0.0,0.0,0.0,0.0,0.0,0.0,0.0,0.0,0.0,0.0,0.0,0.0,0.0,0.0,0.0,0.0,0.0,0.0,0.0,0.0,0.0,0.0,0.0,0.0,0.0,0.0,0.0,0.0,0.0,0.0,0.0,0.0,0.0,0.0,0.0,0.0,0.0,0.0,0.0,0.0,0.0,0.0,0.0,0.0,0.0,0.0,0.0,0.0,0.0,0.0,0.0,0.0,0.0,0.0,0.0,0.0,0.0
0.0,0.0,0.0,0.8333333333333334,0.0,0.0,0.0,2.0,0.0,0.0,0.0,0.0,0.0,0.0,0.0,0.3333333333333333,0.3333333333333333,0.0,0.0,0.0,0.0,0.0,0.0,0.1666666666666666,0.0,0.75,0.0,0.0,0.0,0.0,0.0,0.0,0.0,0.0,0.0,0.0,0.0,0.0,0.0,0.0,0.0,0.0,0.0,0.0,0.0,0.0,0.0,0.0,0.0,0.0,0.0,0.0,0.0,0.0,0.0,0.0,0.0,0.0,0.0,0.0,0.0,0.0,0.0,0.0,0.0,0.0,0.0,0.0,0.0,0.0,0.0,0.0,0.0,0.0,0.0,0.0,0.0,0.0,0.0,0.0,0.0,0.0,0.0,0.0,0.0,0.0,0.0,0.0,0.0,0.0,0.0
0.0,0.0,0.1818181818181818,0.0,0.0,0.0,0.0,0.0,0.0,0.0,0.0,1.2,0.0,0.0,0.0,0.7142857142857143,0.0,0.0,0.0,0.0,0.0,0.0,0.0,0.0,0.0,0.0,0.0,0.0,0.0,0.0,0.0,0.0,0.0,0.0,0.0,0.0,0.0,0.0,0.0,0.0,0.0,0.0,0.0,0.0,0.0,0.0,0.0,0.0,0.0,0.0,0.0,0.0,0.0,0.0,0.0,0.0,0.0,0.0,0.0,0.0,0.0,0.0,0.0,0.0,0.0,0.0,0.0,0.0,0.0,0.0,0.0,0.0,0.0,0.0,0.0,0.0,0.0,0.0,0.0,0.0,0.0,0.0,0.0,0.0,0.0,0.0,0.0,0.0,0.0,0.0,0.0
0.0,0.0,0.0,0.0,0.0,0.0,0.0,0.0,0.0,0.0,0.0,0.0,0.0,0.0,0.0,0.0,0.0,0.0,1.0,0.0,0.0,0.0,0.0,0.0,0.0,0.0,0.0,0.0,0.0,0.0,0.0,0.0,0.0,0.0,0.0,0.0,0.0,0.0,0.0,0.0,0.0,0.0,0.0,0.0,0.0,0.0,0.0,0.0,0.0,0.0,0.0,0.0,0.0,0.0,0.0,0.0,0.0,0.0,0.0,0.0,0.0,0.0,0.0,0.0,0.0,0.0,0.0,0.0,0.0,0.0,0.0,0.0,0.0,0.0,0.0,0.0,0.0,0.0,0.0,0.0,0.0,0.0,0.0,0.0,0.0,0.0,0.0,0.0,0.0,0.0,0.0
0.0,0.0,0.0,0.0,0.0,0.0,0.0,0.0,0.0,0.0,0.0,0.0,0.0,0.0,0.0,0.0,0.0,0.0,0.0,0.0,0.0,0.0,0.0,0.25,0.0,0.0,0.0,0.0,0.0,0.0,0.0,0.0,0.0,0.0,0.0,0.0,0.0,0.0,0.0,0.0,0.0,0.0,0.0,0.0,0.0,0.0,0.0,0.0,0.0,0.0,0.0,0.0,0.0,0.0,0.0,0.0,0.0,0.0,0.0,0.0,0.0,0.0,0.0,0.0,0.0,0.0,0.0,0.0,0.0,0.0,0.0,0.0,0.0,0.0,0.0,0.0,0.0,0.0,0.0,0.0,0.0,0.0,0.0,0.0,0.0,0.0,0.0,0.0,0.0,0.0,0.0
